profile,model,spec,nmax,prompt_id,tg_tps,accept,meanlen,gen_tokens
e4b,gemma-4-E4B-it-qat-UD-Q4_K_XL,none,off,0,57.04,,,256
e4b,gemma-4-E4B-it-qat-UD-Q4_K_XL,none,off,1,57.47,,,256
e4b,gemma-4-E4B-it-qat-UD-Q4_K_XL,none,off,2,57.51,,,256
e4b,gemma-4-E4B-it-qat-UD-Q4_K_XL,none,off,3,56.31,,,256
e4b,gemma-4-E4B-it-qat-UD-Q4_K_XL,none,off,4,57.10,,,256
e4b,gemma-4-E4B-it-qat-UD-Q4_K_XL,none,off,5,57.08,,,256
e4b,gemma-4-E4B-it-qat-UD-Q4_K_XL,none,off,6,57.08,,,256
e4b,gemma-4-E4B-it-qat-UD-Q4_K_XL,none,off,7,57.18,,,256
e4b,gemma-4-E4B-it-qat-UD-Q4_K_XL,none,off,8,57.24,,,256
e4b,gemma-4-E4B-it-qat-UD-Q4_K_XL,none,off,9,57.13,,,256
e4b,gemma-4-E4B-it-qat-UD-Q4_K_XL,draft-mtp,1,0,67.92,0.64935,1.65,256
e4b,gemma-4-E4B-it-qat-UD-Q4_K_XL,draft-mtp,1,1,74.74,0.81429,1.81,256
e4b,gemma-4-E4B-it-qat-UD-Q4_K_XL,draft-mtp,1,2,69.25,0.67105,1.67,256
e4b,gemma-4-E4B-it-qat-UD-Q4_K_XL,draft-mtp,1,3,72.17,0.77622,1.78,256
e4b,gemma-4-E4B-it-qat-UD-Q4_K_XL,draft-mtp,1,4,71.28,0.72789,1.73,256
e4b,gemma-4-E4B-it-qat-UD-Q4_K_XL,draft-mtp,1,5,69.91,0.67763,1.68,256
e4b,gemma-4-E4B-it-qat-UD-Q4_K_XL,draft-mtp,1,6,67.49,0.62821,1.63,256
e4b,gemma-4-E4B-it-qat-UD-Q4_K_XL,draft-mtp,1,7,72.94,0.75862,1.76,256
e4b,gemma-4-E4B-it-qat-UD-Q4_K_XL,draft-mtp,1,8,71.75,0.73469,1.73,256
e4b,gemma-4-E4B-it-qat-UD-Q4_K_XL,draft-mtp,1,9,72.30,0.75172,1.75,256
e4b,gemma-4-E4B-it-qat-UD-Q4_K_XL,draft-mtp,2,0,66.58,0.54959,2.10,256
e4b,gemma-4-E4B-it-qat-UD-Q4_K_XL,draft-mtp,2,1,77.20,0.70142,2.40,256
e4b,gemma-4-E4B-it-qat-UD-Q4_K_XL,draft-mtp,2,2,69.01,0.56962,2.13,256
e4b,gemma-4-E4B-it-qat-UD-Q4_K_XL,draft-mtp,2,3,74.57,0.66972,2.34,256
e4b,gemma-4-E4B-it-qat-UD-Q4_K_XL,draft-mtp,2,4,70.87,0.60435,2.21,256
e4b,gemma-4-E4B-it-qat-UD-Q4_K_XL,draft-mtp,2,5,68.85,0.56723,2.13,256
e4b,gemma-4-E4B-it-qat-UD-Q4_K_XL,draft-mtp,2,6,63.99,0.48837,1.98,256
e4b,gemma-4-E4B-it-qat-UD-Q4_K_XL,draft-mtp,2,7,74.34,0.65455,2.31,256
e4b,gemma-4-E4B-it-qat-UD-Q4_K_XL,draft-mtp,2,8,70.98,0.60173,2.20,256
e4b,gemma-4-E4B-it-qat-UD-Q4_K_XL,draft-mtp,2,9,74.79,0.65909,2.32,256
e4b,gemma-4-E4B-it-qat-UD-Q4_K_XL,draft-mtp,3,0,60.03,0.45937,2.37,256
e4b,gemma-4-E4B-it-qat-UD-Q4_K_XL,draft-mtp,3,1,72.04,0.61111,2.83,256
e4b,gemma-4-E4B-it-qat-UD-Q4_K_XL,draft-mtp,3,2,60.68,0.45483,2.35,256
e4b,gemma-4-E4B-it-qat-UD-Q4_K_XL,draft-mtp,3,3,69.46,0.58273,2.74,256
e4b,gemma-4-E4B-it-qat-UD-Q4_K_XL,draft-mtp,3,4,64.45,0.50831,2.51,256
e4b,gemma-4-E4B-it-qat-UD-Q4_K_XL,draft-mtp,3,5,59.64,0.44343,2.32,256
e4b,gemma-4-E4B-it-qat-UD-Q4_K_XL,draft-mtp,3,6,53.89,0.36438,2.09,256
e4b,gemma-4-E4B-it-qat-UD-Q4_K_XL,draft-mtp,3,7,70.61,0.58696,2.76,256
e4b,gemma-4-E4B-it-qat-UD-Q4_K_XL,draft-mtp,3,8,66.10,0.53061,2.59,256
e4b,gemma-4-E4B-it-qat-UD-Q4_K_XL,draft-mtp,3,9,68.25,0.55789,2.67,256
e4b,gemma-4-E4B-it-qat-UD-Q4_K_XL,draft-mtp,4,0,52.16,0.40779,2.62,256
e4b,gemma-4-E4B-it-qat-UD-Q4_K_XL,draft-mtp,4,1,65.24,0.55031,3.19,256
e4b,gemma-4-E4B-it-qat-UD-Q4_K_XL,draft-mtp,4,2,50.24,0.35800,2.43,256
e4b,gemma-4-E4B-it-qat-UD-Q4_K_XL,draft-mtp,4,3,63.10,0.53395,3.14,256
e4b,gemma-4-E4B-it-qat-UD-Q4_K_XL,draft-mtp,4,4,57.09,0.44780,2.79,256
e4b,gemma-4-E4B-it-qat-UD-Q4_K_XL,draft-mtp,4,5,49.44,0.35142,2.41,256
e4b,gemma-4-E4B-it-qat-UD-Q4_K_XL,draft-mtp,4,6,44.85,0.29614,2.18,256
e4b,gemma-4-E4B-it-qat-UD-Q4_K_XL,draft-mtp,4,7,64.12,0.53560,3.14,256
e4b,gemma-4-E4B-it-qat-UD-Q4_K_XL,draft-mtp,4,8,57.42,0.45055,2.80,256
e4b,gemma-4-E4B-it-qat-UD-Q4_K_XL,draft-mtp,4,9,61.45,0.50147,3.00,256
q4b,Qwen3.5-4B-Q4_K_M,none,off,0,29.95,,,256
q4b,Qwen3.5-4B-Q4_K_M,none,off,1,30.28,,,256
q4b,Qwen3.5-4B-Q4_K_M,none,off,2,30.29,,,256
q4b,Qwen3.5-4B-Q4_K_M,none,off,3,30.25,,,256
q4b,Qwen3.5-4B-Q4_K_M,none,off,4,30.23,,,256
q4b,Qwen3.5-4B-Q4_K_M,none,off,5,30.21,,,256
q4b,Qwen3.5-4B-Q4_K_M,none,off,6,30.23,,,256
q4b,Qwen3.5-4B-Q4_K_M,none,off,7,30.23,,,256
q4b,Qwen3.5-4B-Q4_K_M,none,off,8,30.23,,,256
q4b,Qwen3.5-4B-Q4_K_M,none,off,9,30.22,,,256
q4b,Qwen3.5-4B-Q4_K_M,draft-mtp,1,0,36.69,0.93182,1.93,256
q4b,Qwen3.5-4B-Q4_K_M,draft-mtp,1,1,35.74,0.88148,1.88,256
q4b,Qwen3.5-4B-Q4_K_M,draft-mtp,1,2,35.28,0.83453,1.83,256
q4b,Qwen3.5-4B-Q4_K_M,draft-mtp,1,3,37.69,0.96899,1.97,256
q4b,Qwen3.5-4B-Q4_K_M,draft-mtp,1,4,35.45,0.84783,1.85,256
q4b,Qwen3.5-4B-Q4_K_M,draft-mtp,1,5,36.93,0.92424,1.92,256
q4b,Qwen3.5-4B-Q4_K_M,draft-mtp,1,6,33.99,0.77083,1.77,256
q4b,Qwen3.5-4B-Q4_K_M,draft-mtp,1,7,36.01,0.88148,1.88,256
q4b,Qwen3.5-4B-Q4_K_M,draft-mtp,1,8,36.06,0.88148,1.88,256
q4b,Qwen3.5-4B-Q4_K_M,draft-mtp,1,9,36.78,0.91729,1.92,256
q4b,Qwen3.5-4B-Q4_K_M,draft-mtp,2,0,42.33,0.82812,2.66,256
q4b,Qwen3.5-4B-Q4_K_M,draft-mtp,2,1,42.15,0.77889,2.55,256
q4b,Qwen3.5-4B-Q4_K_M,draft-mtp,2,2,38.67,0.67593,2.35,256
q4b,Qwen3.5-4B-Q4_K_M,draft-mtp,2,3,46.73,0.91667,2.83,256
q4b,Qwen3.5-4B-Q4_K_M,draft-mtp,2,4,40.22,0.71770,2.43,256
q4b,Qwen3.5-4B-Q4_K_M,draft-mtp,2,5,45.37,0.87568,2.74,256
q4b,Qwen3.5-4B-Q4_K_M,draft-mtp,2,6,39.05,0.68372,2.36,256
q4b,Qwen3.5-4B-Q4_K_M,draft-mtp,2,7,41.56,0.76119,2.51,256
q4b,Qwen3.5-4B-Q4_K_M,draft-mtp,2,8,42.96,0.80102,2.60,256
q4b,Qwen3.5-4B-Q4_K_M,draft-mtp,2,9,43.49,0.81443,2.63,256
q4b,Qwen3.5-4B-Q4_K_M,draft-mtp,3,0,40.51,0.70902,3.11,256
q4b,Qwen3.5-4B-Q4_K_M,draft-mtp,3,1,40.30,0.69636,3.07,256
q4b,Qwen3.5-4B-Q4_K_M,draft-mtp,3,2,36.49,0.59058,2.77,256
q4b,Qwen3.5-4B-Q4_K_M,draft-mtp,3,3,44.60,0.81081,3.43,256
q4b,Qwen3.5-4B-Q4_K_M,draft-mtp,3,4,37.39,0.61567,2.83,256
q4b,Qwen3.5-4B-Q4_K_M,draft-mtp,3,5,43.81,0.78070,3.34,256
q4b,Qwen3.5-4B-Q4_K_M,draft-mtp,3,6,35.10,0.55594,2.66,256
q4b,Qwen3.5-4B-Q4_K_M,draft-mtp,3,7,40.20,0.68675,3.06,256
q4b,Qwen3.5-4B-Q4_K_M,draft-mtp,3,8,39.67,0.69355,3.07,256
q4b,Qwen3.5-4B-Q4_K_M,draft-mtp,3,9,40.98,0.70902,3.11,256
q4b,Qwen3.5-4B-Q4_K_M,draft-mtp,4,0,34.87,0.60811,3.43,256
q4b,Qwen3.5-4B-Q4_K_M,draft-mtp,4,1,38.97,0.67273,3.68,256
q4b,Qwen3.5-4B-Q4_K_M,draft-mtp,4,2,31.58,0.50746,3.00,256
q4b,Qwen3.5-4B-Q4_K_M,draft-mtp,4,3,45.39,0.82627,4.31,256
q4b,Qwen3.5-4B-Q4_K_M,draft-mtp,4,4,32.43,0.51506,3.04,256
q4b,Qwen3.5-4B-Q4_K_M,draft-mtp,4,5,39.71,0.68889,3.74,256
q4b,Qwen3.5-4B-Q4_K_M,draft-mtp,4,6,31.27,0.48696,2.93,256
q4b,Qwen3.5-4B-Q4_K_M,draft-mtp,4,7,35.47,0.58553,3.34,256
q4b,Qwen3.5-4B-Q4_K_M,draft-mtp,4,8,36.41,0.60811,3.43,256
q4b,Qwen3.5-4B-Q4_K_M,draft-mtp,4,9,38.96,0.67029,3.68,256
q9b,Qwen3.5-9B-Q4_K_M,none,off,0,24.48,,,256
q9b,Qwen3.5-9B-Q4_K_M,none,off,1,24.65,,,256
q9b,Qwen3.5-9B-Q4_K_M,none,off,2,24.75,,,256
q9b,Qwen3.5-9B-Q4_K_M,none,off,3,24.71,,,256
q9b,Qwen3.5-9B-Q4_K_M,none,off,4,24.73,,,256
q9b,Qwen3.5-9B-Q4_K_M,none,off,5,24.74,,,256
q9b,Qwen3.5-9B-Q4_K_M,none,off,6,24.73,,,256
q9b,Qwen3.5-9B-Q4_K_M,none,off,7,24.74,,,256
q9b,Qwen3.5-9B-Q4_K_M,none,off,8,24.72,,,256
q9b,Qwen3.5-9B-Q4_K_M,none,off,9,24.75,,,256
q9b,Qwen3.5-9B-Q4_K_M,draft-mtp,1,0,28.91,0.90299,1.90,256
q9b,Qwen3.5-9B-Q4_K_M,draft-mtp,1,1,28.96,0.90977,1.91,256
q9b,Qwen3.5-9B-Q4_K_M,draft-mtp,1,2,28.37,0.84783,1.85,256
q9b,Qwen3.5-9B-Q4_K_M,draft-mtp,1,3,30.56,0.99219,1.99,256
q9b,Qwen3.5-9B-Q4_K_M,draft-mtp,1,4,29.07,0.89552,1.90,256
q9b,Qwen3.5-9B-Q4_K_M,draft-mtp,1,5,29.89,0.94656,1.95,256
q9b,Qwen3.5-9B-Q4_K_M,draft-mtp,1,6,28.85,0.88148,1.88,256
q9b,Qwen3.5-9B-Q4_K_M,draft-mtp,1,7,28.76,0.87500,1.88,256
q9b,Qwen3.5-9B-Q4_K_M,draft-mtp,1,8,28.80,0.87500,1.88,256
q9b,Qwen3.5-9B-Q4_K_M,draft-mtp,1,9,28.99,0.88889,1.89,256
q9b,Qwen3.5-9B-Q4_K_M,draft-mtp,2,0,33.42,0.83684,2.67,256
q9b,Qwen3.5-9B-Q4_K_M,draft-mtp,2,1,32.54,0.76238,2.52,256
q9b,Qwen3.5-9B-Q4_K_M,draft-mtp,2,2,33.49,0.79188,2.58,256
q9b,Qwen3.5-9B-Q4_K_M,draft-mtp,2,3,36.47,0.91111,2.82,256
q9b,Qwen3.5-9B-Q4_K_M,draft-mtp,2,4,33.11,0.77889,2.55,256
q9b,Qwen3.5-9B-Q4_K_M,draft-mtp,2,5,36.33,0.90608,2.80,256
q9b,Qwen3.5-9B-Q4_K_M,draft-mtp,2,6,33.52,0.79592,2.59,256
q9b,Qwen3.5-9B-Q4_K_M,draft-mtp,2,7,33.56,0.79592,2.59,256
q9b,Qwen3.5-9B-Q4_K_M,draft-mtp,2,8,32.63,0.75743,2.51,256
q9b,Qwen3.5-9B-Q4_K_M,draft-mtp,2,9,34.25,0.82292,2.65,256
q9b,Qwen3.5-9B-Q4_K_M,draft-mtp,3,0,30.03,0.73529,3.19,256
q9b,Qwen3.5-9B-Q4_K_M,draft-mtp,3,1,30.07,0.74576,3.23,256
q9b,Qwen3.5-9B-Q4_K_M,draft-mtp,3,2,28.96,0.68400,3.04,256
q9b,Qwen3.5-9B-Q4_K_M,draft-mtp,3,3,35.06,0.89855,3.70,256
q9b,Qwen3.5-9B-Q4_K_M,draft-mtp,3,4,29.31,0.69355,3.07,256
q9b,Qwen3.5-9B-Q4_K_M,draft-mtp,3,5,33.19,0.81900,3.45,256
q9b,Qwen3.5-9B-Q4_K_M,draft-mtp,3,6,29.98,0.71193,3.14,256
q9b,Qwen3.5-9B-Q4_K_M,draft-mtp,3,7,28.76,0.66275,2.99,256
q9b,Qwen3.5-9B-Q4_K_M,draft-mtp,3,8,30.30,0.71605,3.15,256
q9b,Qwen3.5-9B-Q4_K_M,draft-mtp,3,9,30.09,0.71193,3.11,256
q9b,Qwen3.5-9B-Q4_K_M,draft-mtp,4,0,26.43,0.62414,3.48,256
q9b,Qwen3.5-9B-Q4_K_M,draft-mtp,4,1,29.31,0.67883,3.70,256
q9b,Qwen3.5-9B-Q4_K_M,draft-mtp,4,2,27.36,0.61775,3.45,256
q9b,Qwen3.5-9B-Q4_K_M,draft-mtp,4,3,34.10,0.83404,4.32,256
q9b,Qwen3.5-9B-Q4_K_M,draft-mtp,4,4,28.38,0.65018,3.59,256
q9b,Qwen3.5-9B-Q4_K_M,draft-mtp,4,5,31.04,0.73643,3.92,256
q9b,Qwen3.5-9B-Q4_K_M,draft-mtp,4,6,26.38,0.58746,3.34,256
q9b,Qwen3.5-9B-Q4_K_M,draft-mtp,4,7,26.85,0.60201,3.40,256
q9b,Qwen3.5-9B-Q4_K_M,draft-mtp,4,8,26.47,0.58882,3.36,256
q9b,Qwen3.5-9B-Q4_K_M,draft-mtp,4,9,29.02,0.67273,3.64,256
e2b,gemma-4-E2B-it-qat-UD-Q4_K_XL,none,off,0,38.95,,,256
e2b,gemma-4-E2B-it-qat-UD-Q4_K_XL,none,off,1,38.97,,,256
e2b,gemma-4-E2B-it-qat-UD-Q4_K_XL,none,off,2,38.91,,,256
e2b,gemma-4-E2B-it-qat-UD-Q4_K_XL,none,off,3,38.87,,,256
e2b,gemma-4-E2B-it-qat-UD-Q4_K_XL,none,off,4,38.89,,,256
e2b,gemma-4-E2B-it-qat-UD-Q4_K_XL,none,off,5,38.94,,,256
e2b,gemma-4-E2B-it-qat-UD-Q4_K_XL,none,off,6,38.92,,,256
e2b,gemma-4-E2B-it-qat-UD-Q4_K_XL,none,off,7,38.87,,,256
e2b,gemma-4-E2B-it-qat-UD-Q4_K_XL,none,off,8,38.91,,,256
e2b,gemma-4-E2B-it-qat-UD-Q4_K_XL,none,off,9,38.86,,,256
e2b,gemma-4-E2B-it-qat-UD-Q4_K_XL,draft-mtp,1,0,55.53,0.70470,1.70,256
e2b,gemma-4-E2B-it-qat-UD-Q4_K_XL,draft-mtp,1,1,57.37,0.75862,1.76,256
e2b,gemma-4-E2B-it-qat-UD-Q4_K_XL,draft-mtp,1,2,54.45,0.66667,1.67,256
e2b,gemma-4-E2B-it-qat-UD-Q4_K_XL,draft-mtp,1,3,58.39,0.80142,1.80,256
e2b,gemma-4-E2B-it-qat-UD-Q4_K_XL,draft-mtp,1,4,53.70,0.64516,1.65,256
e2b,gemma-4-E2B-it-qat-UD-Q4_K_XL,draft-mtp,1,5,56.89,0.74658,1.75,256
e2b,gemma-4-E2B-it-qat-UD-Q4_K_XL,draft-mtp,1,6,55.11,0.69333,1.69,256
e2b,gemma-4-E2B-it-qat-UD-Q4_K_XL,draft-mtp,1,7,54.40,0.67105,1.67,256
e2b,gemma-4-E2B-it-qat-UD-Q4_K_XL,draft-mtp,1,8,54.76,0.67763,1.68,256
e2b,gemma-4-E2B-it-qat-UD-Q4_K_XL,draft-mtp,1,9,53.76,0.64516,1.65,256
e2b,gemma-4-E2B-it-qat-UD-Q4_K_XL,draft-mtp,2,0,60.90,0.57627,2.15,256
e2b,gemma-4-E2B-it-qat-UD-Q4_K_XL,draft-mtp,2,1,65.38,0.64414,2.29,256
e2b,gemma-4-E2B-it-qat-UD-Q4_K_XL,draft-mtp,2,2,58.29,0.51600,2.03,256
e2b,gemma-4-E2B-it-qat-UD-Q4_K_XL,draft-mtp,2,3,66.38,0.66820,2.33,256
e2b,gemma-4-E2B-it-qat-UD-Q4_K_XL,draft-mtp,2,4,58.79,0.52419,2.05,256
e2b,gemma-4-E2B-it-qat-UD-Q4_K_XL,draft-mtp,2,5,68.40,0.69484,2.38,256
e2b,gemma-4-E2B-it-qat-UD-Q4_K_XL,draft-mtp,2,6,62.70,0.58974,2.18,256
e2b,gemma-4-E2B-it-qat-UD-Q4_K_XL,draft-mtp,2,7,58.24,0.51807,2.03,256
e2b,gemma-4-E2B-it-qat-UD-Q4_K_XL,draft-mtp,2,8,61.02,0.56723,2.13,256
e2b,gemma-4-E2B-it-qat-UD-Q4_K_XL,draft-mtp,2,9,58.72,0.52419,2.05,256
e2b,gemma-4-E2B-it-qat-UD-Q4_K_XL,draft-mtp,3,0,61.54,0.48232,2.44,256
e2b,gemma-4-E2B-it-qat-UD-Q4_K_XL,draft-mtp,3,1,71.39,0.60294,2.80,256
e2b,gemma-4-E2B-it-qat-UD-Q4_K_XL,draft-mtp,3,2,59.47,0.44207,2.32,256
e2b,gemma-4-E2B-it-qat-UD-Q4_K_XL,draft-mtp,3,3,72.11,0.62264,2.85,256
e2b,gemma-4-E2B-it-qat-UD-Q4_K_XL,draft-mtp,3,4,59.32,0.43939,2.32,256
e2b,gemma-4-E2B-it-qat-UD-Q4_K_XL,draft-mtp,3,5,70.60,0.59707,2.77,256
e2b,gemma-4-E2B-it-qat-UD-Q4_K_XL,draft-mtp,3,6,62.66,0.48867,2.47,256
e2b,gemma-4-E2B-it-qat-UD-Q4_K_XL,draft-mtp,3,7,59.31,0.44753,2.33,256
e2b,gemma-4-E2B-it-qat-UD-Q4_K_XL,draft-mtp,3,8,61.54,0.46855,2.41,256
e2b,gemma-4-E2B-it-qat-UD-Q4_K_XL,draft-mtp,3,9,59.42,0.43939,2.32,256
e2b,gemma-4-E2B-it-qat-UD-Q4_K_XL,draft-mtp,4,0,58.37,0.40674,2.62,256
e2b,gemma-4-E2B-it-qat-UD-Q4_K_XL,draft-mtp,4,1,70.19,0.51964,3.07,256
e2b,gemma-4-E2B-it-qat-UD-Q4_K_XL,draft-mtp,4,2,57.41,0.37500,2.50,256
e2b,gemma-4-E2B-it-qat-UD-Q4_K_XL,draft-mtp,4,3,72.19,0.55063,3.17,256
e2b,gemma-4-E2B-it-qat-UD-Q4_K_XL,draft-mtp,4,4,55.76,0.35800,2.43,256
e2b,gemma-4-E2B-it-qat-UD-Q4_K_XL,draft-mtp,4,5,69.43,0.51818,3.04,256
e2b,gemma-4-E2B-it-qat-UD-Q4_K_XL,draft-mtp,4,6,62.06,0.42933,2.71,256
e2b,gemma-4-E2B-it-qat-UD-Q4_K_XL,draft-mtp,4,7,57.64,0.38442,2.51,256
e2b,gemma-4-E2B-it-qat-UD-Q4_K_XL,draft-mtp,4,8,58.99,0.39494,2.58,256
e2b,gemma-4-E2B-it-qat-UD-Q4_K_XL,draft-mtp,4,9,57.97,0.38213,2.52,256
